{"cameraMode":{"drawMode":0,"name":"Shaded","section":"Shading Mode"},"sceneLighting":true,"audioPlay":false,"sceneViewState":{"m_AlwaysRefresh":false,"showFog":true,"showSkybox":true,"showFlares":true,"showImageEffects":true,"showParticleSystems":true,"showVisualEffectGraphs":true,"m_FxEnabled":true},"in2DMode":false,"pivot":{"x":1011.9168090820313,"y":331.5366516113281,"z":-1642.080810546875},"rotation":{"x":-0.022187581285834314,"y":-0.011373484507203102,"z":-0.0002592589589767158,"w":0.999700129032135},"size":171.33152770996095,"orthographic":false}