{"cameraMode":{"drawMode":0,"name":"Shaded","section":"Shading Mode"},"sceneLighting":true,"audioPlay":false,"sceneViewState":{"m_AlwaysRefresh":false,"showFog":true,"showSkybox":true,"showFlares":true,"showImageEffects":true,"showParticleSystems":true,"showVisualEffectGraphs":true,"m_FxEnabled":true},"in2DMode":false,"pivot":{"x":295.4280090332031,"y":89.2579116821289,"z":536.3472900390625},"rotation":{"x":-0.0005789397982880473,"y":-0.32546675205230715,"z":-0.00016621257236693054,"w":0.9455685615539551},"size":24.51822280883789,"orthographic":false}