{"cameraMode":{"drawMode":0,"name":"Shaded","section":"Shading Mode"},"sceneLighting":true,"audioPlay":false,"sceneViewState":{"m_AlwaysRefresh":false,"showFog":true,"showSkybox":true,"showFlares":true,"showImageEffects":true,"showParticleSystems":true,"showVisualEffectGraphs":true,"m_FxEnabled":true},"in2DMode":false,"pivot":{"x":875.1387329101563,"y":227.12034606933595,"z":-143.79383850097657},"rotation":{"x":-0.023875754326581956,"y":-0.9665694832801819,"z":0.09776969999074936,"w":-0.23590809106826783},"size":6.177000522613525,"orthographic":false}